sampleID	gene	value
AML_12_00051	FLT3.ITD	1
AML_12_00051	NPM1	1
AML_12_00051	CEBPA	0
AML_12_00051	FLT3	0
AML_12_00051	IDH1	0
AML_12_00051	IDH2	0
AML_12_00051	JAK2	0
AML_12_00051	KIT	0
AML_12_00051	KRAS	0
AML_12_00051	NRAS	0
AML_12_00051	WT1	1
AML_12_00127	FLT3.ITD	0
AML_12_00127	NPM1	1
AML_12_00127	CEBPA	0
AML_12_00127	FLT3	1
AML_12_00127	IDH1	0
AML_12_00127	IDH2	0
AML_12_00127	JAK2	0
AML_12_00127	KIT	0
AML_12_00127	KRAS	0
AML_12_00127	NRAS	0
AML_12_00150	FLT3.ITD	0
AML_12_00150	NPM1	0
AML_12_00294	FLT3.ITD	1
AML_12_00294	NPM1	0
AML_12_00294	CEBPA	0
AML_12_00294	FLT3	0
AML_12_00294	IDH1	0
AML_12_00294	JAK2	0
AML_12_00294	KIT	0
AML_12_00294	NRAS	0
AML_13_00007	FLT3.ITD	1
AML_13_00007	NPM1	1
AML_13_00028	FLT3.ITD	0
AML_13_00028	NPM1	0
AML_13_00028	CEBPA	0
AML_13_00028	DNMT3A	0
AML_13_00028	FLT3	0
AML_13_00028	JAK2	0
AML_13_00028	KIT	0
AML_13_00028	KRAS	0
AML_13_00028	NRAS	0
AML_13_00034	FLT3.ITD	0
AML_13_00034	NPM1	0
AML_13_00034	FLT3	0
AML_13_00098	FLT3.ITD	0
AML_13_00098	NPM1	1
AML_13_00118	FLT3.ITD	0
AML_13_00118	NPM1	1
AML_13_00123	FLT3.ITD	0
AML_13_00123	NPM1	1
AML_13_00123	FLT3	1
AML_13_00145	FLT3.ITD	1
AML_13_00145	NPM1	0
AML_13_00149	FLT3.ITD	0
AML_13_00149	NPM1	0
AML_13_00149	CEBPA	1
AML_13_00149	DNMT3A	0
AML_13_00149	FLT3	0
AML_13_00149	IDH1	0
AML_13_00149	IDH2	0
AML_13_00149	JAK2	0
AML_13_00149	KIT	0
AML_13_00149	KRAS	0
AML_13_00149	MPL	0
AML_13_00149	NRAS	0
AML_13_00149	RUNX1	0
AML_13_00149	TP53	0
AML_13_00149	WT1	1
AML_13_00150	FLT3.ITD	0
AML_13_00150	NPM1	0
AML_13_00157	FLT3.ITD	0
AML_13_00157	NPM1	1
AML_13_00157	CEBPA	0
AML_13_00157	DNMT3A	1
AML_13_00157	FLT3	0
AML_13_00157	IDH1	1
AML_13_00157	JAK2	0
AML_13_00157	KIT	0
AML_13_00157	KRAS	0
AML_13_00157	MPL	0
AML_13_00157	NRAS	0
AML_13_00157	RUNX1	0
AML_13_00157	TP53	0
AML_13_00157	WT1	0
AML_13_00163	FLT3.ITD	0
AML_13_00163	NPM1	0
AML_13_00163	CEBPA	0
AML_13_00163	DNMT3A	0
AML_13_00163	FLT3	0
AML_13_00163	IDH1	0
AML_13_00163	IDH2	0
AML_13_00163	JAK2	0
AML_13_00163	KIT	1
AML_13_00163	KRAS	0
AML_13_00163	MPL	0
AML_13_00163	NRAS	0
AML_13_00163	RUNX1	0
AML_13_00163	TP53	0
AML_13_00163	WT1	1
AML_13_00166	FLT3.ITD	0
AML_13_00166	NPM1	0
AML_13_00186	FLT3.ITD	0
AML_13_00186	NPM1	0
AML_13_00186	CEBPA	0
AML_13_00186	DNMT3A	0
AML_13_00186	FLT3	0
AML_13_00186	IDH1	0
AML_13_00186	IDH2	0
AML_13_00186	JAK2	0
AML_13_00186	KIT	0
AML_13_00186	KRAS	0
AML_13_00186	MPL	0
AML_13_00186	NRAS	0
AML_13_00186	RUNX1	1
AML_13_00186	TP53	0
AML_13_00186	WT1	0
AML_13_00195	FLT3.ITD	0
AML_13_00195	NPM1	1
AML_13_00195	CEBPA	0
AML_13_00195	DNMT3A	1
AML_13_00195	FLT3	0
AML_13_00195	IDH1	0
AML_13_00195	IDH2	0
AML_13_00195	JAK2	0
AML_13_00195	KIT	0
AML_13_00195	KRAS	0
AML_13_00195	NRAS	0
AML_13_00195	RUNX1	0
AML_13_00195	TP53	0
AML_13_00195	WT1	1
AML_13_00202	FLT3.ITD	0
AML_13_00202	NPM1	1
AML_13_00202	CEBPA	0
AML_13_00204	FLT3.ITD	1
AML_13_00204	NPM1	0
AML_13_00204	CEBPA	0
AML_13_00204	DNMT3A	0
AML_13_00204	FLT3	0
AML_13_00204	IDH1	0
AML_13_00204	IDH2	0
AML_13_00204	JAK2	0
AML_13_00204	KIT	0
AML_13_00204	KRAS	0
AML_13_00204	NRAS	0
AML_13_00204	RUNX1	0
AML_13_00204	TP53	0
AML_13_00204	WT1	1
AML_13_00226	FLT3.ITD	0
AML_13_00226	NPM1	0
AML_13_00226	CEBPA	0
AML_13_00226	DNMT3A	0
AML_13_00226	FLT3	1
AML_13_00226	IDH1	0
AML_13_00226	JAK2	1
AML_13_00226	KIT	0
AML_13_00226	KRAS	0
AML_13_00226	MPL	0
AML_13_00226	NRAS	0
AML_13_00226	RUNX1	0
AML_13_00226	TP53	0
AML_13_00232	FLT3.ITD	0
AML_13_00232	NPM1	0
AML_13_00232	CEBPA	1
AML_13_00232	DNMT3A	0
AML_13_00232	FLT3	0
AML_13_00232	IDH1	0
AML_13_00232	IDH2	0
AML_13_00232	JAK2	0
AML_13_00232	KIT	0
AML_13_00232	KRAS	0
AML_13_00232	MPL	0
AML_13_00232	NRAS	0
AML_13_00232	RUNX1	0
AML_13_00232	TP53	0
AML_13_00232	WT1	1
AML_13_00236	FLT3.ITD	0
AML_13_00236	NPM1	0
AML_13_00253	FLT3.ITD	0
AML_13_00253	NPM1	0
AML_13_00253	CEBPA	1
AML_13_00253	DNMT3A	0
AML_13_00253	FLT3	0
AML_13_00253	IDH1	0
AML_13_00253	IDH2	0
AML_13_00253	JAK2	0
AML_13_00253	KIT	0
AML_13_00253	KRAS	0
AML_13_00253	MPL	0
AML_13_00253	NRAS	0
AML_13_00253	RUNX1	0
AML_13_00253	TP53	0
AML_13_00253	WT1	0
AML_13_00268	FLT3.ITD	0
AML_13_00268	NPM1	0
AML_13_00270	FLT3.ITD	0
AML_13_00270	NPM1	0
AML_13_00270	CEBPA	0
AML_13_00270	FLT3	1
AML_13_00270	IDH1	0
AML_13_00270	JAK2	0
AML_13_00270	KIT	0
AML_13_00270	KRAS	1
AML_13_00270	NRAS	1
AML_13_00270	TP53	0
AML_13_00281	FLT3.ITD	0
AML_13_00281	NPM1	0
AML_13_00281	CEBPA	0
AML_13_00281	DNMT3A	0
AML_13_00281	FLT3	0
AML_13_00281	IDH1	0
AML_13_00281	IDH2	1
AML_13_00281	JAK2	0
AML_13_00281	KIT	0
AML_13_00281	KRAS	0
AML_13_00281	NRAS	0
AML_13_00281	TP53	0
AML_13_00338	FLT3.ITD	0
AML_13_00338	NPM1	0
AML_13_00338	CEBPA	0
AML_13_00338	DNMT3A	0
AML_13_00338	FLT3	1
AML_13_00338	IDH1	0
AML_13_00338	IDH2	0
AML_13_00338	KIT	0
AML_13_00338	KRAS	0
AML_13_00338	NRAS	0
AML_13_00338	TP53	0
AML_13_00354	FLT3.ITD	0
AML_13_00354	NPM1	0
AML_13_00354	CEBPA	0
AML_13_00354	DNMT3A	0
AML_13_00354	FLT3	0
AML_13_00354	IDH1	0
AML_13_00354	IDH2	0
AML_13_00354	KIT	0
AML_13_00354	KRAS	0
AML_13_00354	NRAS	0
AML_13_00354	TP53	0
AML_13_00365	FLT3.ITD	1
AML_13_00365	NPM1	1
AML_13_00365	CEBPA	0
AML_13_00365	DNMT3A	0
AML_13_00365	FLT3	0
AML_13_00365	IDH1	0
AML_13_00365	IDH2	0
AML_13_00365	KIT	0
AML_13_00365	KRAS	0
AML_13_00365	NRAS	0
AML_13_00365	TP53	1
AML_13_00454	FLT3.ITD	0
AML_13_00454	NPM1	0
AML_13_00454	CEBPA	0
AML_13_00454	FLT3	0
AML_13_00500	FLT3.ITD	0
AML_13_00500	NPM1	0
AML_13_00500	CEBPA	0
AML_13_00500	FLT3	0
AML_13_00500	KIT	0
AML_13_00513	FLT3.ITD	1
AML_13_00513	NPM1	1
AML_13_00513	KIT	0
AML_13_00535	FLT3.ITD	0
AML_13_00535	NPM1	1
AML_13_00535	FLT3	0
AML_13_00551	FLT3.ITD	0
AML_13_00551	NPM1	0
AML_13_00551	CEBPA	0
AML_13_00551	FLT3	0
AML_13_00552	FLT3.ITD	1
AML_13_00552	NPM1	0
AML_13_00563	FLT3.ITD	1
AML_13_00563	NPM1	0
AML_13_00563	CEBPA	0
AML_13_00563	DNMT3A	0
AML_13_00563	FLT3	0
AML_13_00563	IDH1	0
AML_13_00563	IDH2	0
AML_13_00563	KIT	0
AML_13_00563	KRAS	0
AML_13_00563	NRAS	0
AML_13_00563	TP53	0
AML_13_00573	FLT3.ITD	0
AML_13_00573	NPM1	0
AML_13_00601	FLT3.ITD	0
AML_13_00601	NPM1	0
AML_13_00601	RUNX1	0
AML_13_00615	FLT3.ITD	0
AML_13_00615	NPM1	0
AML_13_00615	CEBPA	0
AML_13_00615	DNMT3A	0
AML_13_00615	FLT3	0
AML_13_00615	IDH1	0
AML_13_00615	IDH2	0
AML_13_00615	KRAS	0
AML_13_00615	NRAS	1
AML_13_00615	TP53	0
AML_13_00658	FLT3.ITD	0
AML_13_00658	NPM1	1
AML_13_00658	CEBPA	1
AML_13_00658	DNMT3A	0
AML_13_00658	FLT3	1
AML_13_00658	IDH1	0
AML_13_00658	IDH2	0
AML_13_00658	JAK2	0
AML_13_00658	KIT	0
AML_13_00658	KRAS	0
AML_13_00658	MPL	0
AML_13_00658	NRAS	0
AML_13_00658	RUNX1	0
AML_13_00658	TP53	0
AML_13_00658	WT1	0
AML_14_00023	FLT3.ITD	0
AML_14_00023	NPM1	1
AML_14_00061	FLT3.ITD	0
AML_14_00061	NPM1	0
AML_14_00061	CEBPA	0
AML_14_00061	DNMT3A	0
AML_14_00061	FLT3	0
AML_14_00061	IDH1	0
AML_14_00061	IDH2	0
AML_14_00061	JAK2	0
AML_14_00061	KIT	0
AML_14_00061	KRAS	0
AML_14_00061	MPL	0
AML_14_00061	NRAS	0
AML_14_00061	RUNX1	1
AML_14_00061	TP53	0
AML_14_00061	WT1	0
AML_14_00063	FLT3.ITD	0
AML_14_00063	NPM1	0
AML_14_00081	FLT3.ITD	0
AML_14_00081	NPM1	0
AML_14_00081	CEBPA	0
AML_14_00081	DNMT3A	0
AML_14_00081	FLT3	0
AML_14_00081	IDH1	0
AML_14_00081	IDH2	0
AML_14_00081	JAK2	0
AML_14_00081	KIT	0
AML_14_00081	KRAS	0
AML_14_00081	MPL	0
AML_14_00081	NRAS	0
AML_14_00081	RUNX1	0
AML_14_00081	TP53	1
AML_14_00081	WT1	0
AML_14_00092	FLT3.ITD	0
AML_14_00092	NPM1	1
AML_14_00092	CEBPA	0
AML_14_00092	DNMT3A	1
AML_14_00092	IDH1	0
AML_14_00092	IDH2	0
AML_14_00092	KRAS	0
AML_14_00092	NRAS	1
AML_14_00092	TP53	0
AML_14_00126	FLT3.ITD	0
AML_14_00126	NPM1	0
AML_14_00141	FLT3.ITD	0
AML_14_00141	NPM1	0
AML_14_00141	CEBPA	0
AML_14_00141	DNMT3A	0
AML_14_00141	FLT3	0
AML_14_00141	IDH1	0
AML_14_00141	IDH2	0
AML_14_00141	KIT	0
AML_14_00141	KRAS	0
AML_14_00141	NRAS	0
AML_14_00141	TP53	0
AML_14_00175	FLT3.ITD	0
AML_14_00175	NPM1	0
AML_14_00175	KIT	0
AML_14_00193	FLT3.ITD	0
AML_14_00193	NPM1	0
AML_14_00193	NRAS	1
AML_14_00212	FLT3.ITD	0
AML_14_00212	NPM1	0
AML_14_00212	CEBPA	0
AML_14_00212	FLT3	0
AML_14_00212	JAK2	0
AML_14_00212	KIT	0
AML_14_00240	FLT3.ITD	0
AML_14_00240	NPM1	0
AML_14_00240	CEBPA	0
AML_14_00240	FLT3	0
AML_14_00259	FLT3.ITD	1
AML_14_00259	NPM1	1
AML_14_00259	CEBPA	0
AML_14_00259	DNMT3A	1
AML_14_00259	FLT3	1
AML_14_00259	IDH1	0
AML_14_00259	JAK2	0
AML_14_00259	KIT	0
AML_14_00259	KRAS	0
AML_14_00259	MPL	0
AML_14_00259	NRAS	0
AML_14_00259	RUNX1	0
AML_14_00259	TP53	0
AML_14_00259	WT1	0
AML_14_00279	FLT3.ITD	0
AML_14_00279	NPM1	0
AML_14_00279	CEBPA	0
AML_14_00279	FLT3	0
AML_14_00279	IDH1	0
AML_14_00279	IDH2	0
AML_14_00279	KIT	0
AML_14_00279	KRAS	0
AML_14_00279	NRAS	0
AML_14_00279	TP53	0
AML_14_00329	FLT3.ITD	0
AML_14_00329	NPM1	0
AML_14_00331	FLT3.ITD	0
AML_14_00331	NPM1	1
AML_14_00335	FLT3.ITD	0
AML_14_00335	NPM1	0
AML_14_00335	CEBPA	0
AML_14_00335	FLT3	0
AML_14_00335	IDH1	0
AML_14_00335	IDH2	0
AML_14_00335	JAK2	1
AML_14_00335	KIT	0
AML_14_00335	KRAS	0
AML_14_00335	NRAS	0
AML_14_00335	TP53	1
AML_14_00355	FLT3.ITD	1
AML_14_00355	NPM1	0
AML_14_00355	CEBPA	0
AML_14_00355	DNMT3A	0
AML_14_00355	FLT3	0
AML_14_00355	IDH1	0
AML_14_00355	IDH2	0
AML_14_00355	KIT	0
AML_14_00355	KRAS	0
AML_14_00355	NRAS	0
AML_14_00355	TP53	0
AML_14_00380	FLT3.ITD	0
AML_14_00380	NPM1	0
AML_14_00423	FLT3.ITD	0
AML_14_00423	NPM1	0
AML_14_00423	CEBPA	0
AML_14_00423	FLT3	0
AML_14_00423	IDH1	0
AML_14_00423	IDH2	0
AML_14_00423	KIT	0
AML_14_00423	KRAS	0
AML_14_00423	NRAS	0
AML_14_00423	TP53	0
AML_14_00434	FLT3.ITD	0
AML_14_00434	NPM1	0
AML_14_00434	CEBPA	0
AML_14_00434	FLT3	0
AML_14_00434	IDH1	0
AML_14_00434	IDH2	0
AML_14_00434	KIT	0
AML_14_00434	KRAS	0
AML_14_00434	NRAS	0
AML_14_00434	TP53	0
AML_14_00447	FLT3.ITD	0
AML_14_00447	NPM1	0
AML_14_00447	CEBPA	0
AML_14_00447	DNMT3A	0
AML_14_00447	FLT3	1
AML_14_00447	IDH1	0
AML_14_00447	IDH2	0
AML_14_00447	JAK2	0
AML_14_00447	KIT	0
AML_14_00447	KRAS	0
AML_14_00447	MPL	0
AML_14_00447	NRAS	0
AML_14_00447	RUNX1	0
AML_14_00447	TP53	0
AML_14_00447	WT1	0
AML_14_00473	FLT3.ITD	0
AML_14_00473	NPM1	0
AML_14_00473	CEBPA	0
AML_14_00473	DNMT3A	0
AML_14_00473	FLT3	0
AML_14_00473	IDH1	0
AML_14_00473	IDH2	0
AML_14_00473	JAK2	0
AML_14_00473	KIT	0
AML_14_00473	KRAS	0
AML_14_00473	MPL	0
AML_14_00473	NRAS	1
AML_14_00473	RUNX1	0
AML_14_00473	TP53	1
AML_14_00473	WT1	0
AML_14_00496	FLT3.ITD	0
AML_14_00496	NPM1	1
AML_14_00496	CEBPA	0
AML_14_00496	KIT	0
AML_14_00504	FLT3.ITD	1
AML_14_00504	NPM1	1
AML_14_00504	CEBPA	0
AML_14_00504	FLT3	1
AML_14_00504	IDH1	0
AML_14_00504	IDH2	0
AML_14_00514	FLT3.ITD	0
AML_14_00514	NPM1	0
AML_14_00514	IDH1	0
AML_14_00514	IDH2	0
AML_14_00537	FLT3.ITD	0
AML_14_00537	NPM1	0
AML_14_00564	FLT3.ITD	0
AML_14_00564	NPM1	0
AML_14_00564	CEBPA	0
AML_14_00564	DNMT3A	0
AML_14_00564	FLT3	0
AML_14_00564	IDH1	0
AML_14_00564	IDH2	0
AML_14_00564	JAK2	0
AML_14_00564	KIT	0
AML_14_00564	KRAS	0
AML_14_00564	MPL	0
AML_14_00564	NRAS	0
AML_14_00564	RUNX1	0
AML_14_00564	TP53	1
AML_14_00564	WT1	0
AML_14_00581	FLT3.ITD	0
AML_14_00581	NPM1	0
AML_14_00581	CEBPA	1
AML_14_00581	FLT3	0
AML_14_00581	IDH1	0
AML_14_00581	IDH2	1
AML_14_00581	KIT	0
AML_14_00581	KRAS	0
AML_14_00581	NRAS	0
AML_14_00581	TP53	0
AML_14_00599	FLT3.ITD	0
AML_14_00599	NPM1	0
AML_14_00599	CEBPA	0
AML_14_00599	DNMT3A	0
AML_14_00599	FLT3	0
AML_14_00599	IDH1	0
AML_14_00599	IDH2	0
AML_14_00599	JAK2	0
AML_14_00599	KIT	0
AML_14_00599	KRAS	0
AML_14_00599	MPL	0
AML_14_00599	NRAS	0
AML_14_00599	RUNX1	1
AML_14_00599	TP53	0
AML_14_00599	WT1	0
AML_14_00618	FLT3.ITD	0
AML_14_00618	NPM1	0
AML_14_00618	CEBPA	1
AML_14_00618	IDH1	0
AML_14_00618	IDH2	0
AML_14_00632	FLT3.ITD	0
AML_14_00632	NPM1	0
AML_14_00632	CEBPA	0
AML_14_00632	DNMT3A	0
AML_14_00632	FLT3	0
AML_14_00632	IDH1	0
AML_14_00632	IDH2	0
AML_14_00632	JAK2	0
AML_14_00632	KIT	0
AML_14_00632	KRAS	1
AML_14_00632	NRAS	1
AML_14_00632	RUNX1	1
AML_14_00632	TP53	0
AML_14_00643	FLT3.ITD	0
AML_14_00643	NPM1	0
AML_14_00643	CEBPA	0
AML_14_00643	FLT3	0
AML_14_00643	IDH1	0
AML_14_00643	IDH2	0
AML_14_00643	JAK2	0
AML_14_00643	KIT	1
AML_14_00643	KRAS	0
AML_14_00643	NRAS	0
AML_14_00643	TP53	0
AML_14_00658	FLT3.ITD	1
AML_14_00658	NPM1	1
AML_14_00658	CEBPA	0
AML_14_00658	KIT	0
AML_14_00672	FLT3.ITD	0
AML_14_00672	NPM1	0
AML_14_00730	FLT3.ITD	0
AML_14_00730	NPM1	0
AML_14_00730	CEBPA	0
AML_14_00730	DNMT3A	0
AML_14_00730	FLT3	0
AML_14_00730	IDH1	0
AML_14_00730	IDH2	0
AML_14_00730	JAK2	0
AML_14_00730	KIT	0
AML_14_00730	KRAS	0
AML_14_00730	MPL	0
AML_14_00730	NRAS	0
AML_14_00730	RUNX1	0
AML_14_00730	TP53	0
AML_14_00730	WT1	1
AML_14_00735	FLT3.ITD	1
AML_14_00735	NPM1	1
AML_14_00735	CEBPA	0
AML_14_00735	DNMT3A	0
AML_14_00735	FLT3	0
AML_14_00735	IDH1	0
AML_14_00735	IDH2	0
AML_14_00735	KIT	0
AML_14_00735	KRAS	0
AML_14_00735	NRAS	0
AML_14_00735	TP53	0
AML_14_00774	FLT3.ITD	1
AML_14_00774	NPM1	0
AML_14_00774	CEBPA	0
AML_14_00774	DNMT3A	0
AML_14_00774	FLT3	0
AML_14_00774	IDH1	0
AML_14_00774	IDH2	0
AML_14_00774	KIT	0
AML_14_00774	KRAS	0
AML_14_00774	NRAS	0
AML_14_00774	TP53	0
AML_14_00787	FLT3.ITD	0
AML_14_00787	NPM1	0
AML_14_00787	CEBPA	1
AML_14_00787	DNMT3A	0
AML_14_00787	IDH1	0
AML_14_00787	IDH2	0
AML_14_00787	KIT	0
AML_14_00787	KRAS	0
AML_14_00787	MPL	0
AML_14_00787	NRAS	0
AML_14_00787	RUNX1	0
AML_14_00787	TP53	0
AML_14_00787	WT1	0
AML_14_00831	FLT3.ITD	0
AML_14_00831	NPM1	0
AML_14_00901	FLT3.ITD	0
AML_14_00901	NPM1	0
AML_14_00901	CEBPA	0
AML_14_00901	FLT3	0
AML_14_00901	IDH1	0
AML_14_00901	IDH2	0
AML_14_00901	JAK2	0
AML_14_00901	KIT	0
AML_14_00901	KRAS	0
AML_14_00901	MPL	0
AML_14_00901	NRAS	0
AML_15_00043	FLT3.ITD	0
AML_15_00043	NPM1	0
AML_15_00051	FLT3.ITD	0
AML_15_00051	NPM1	1
AML_15_00051	CEBPA	0
AML_15_00051	DNMT3A	0
AML_15_00051	FLT3	0
AML_15_00051	IDH1	0
AML_15_00051	IDH2	1
AML_15_00051	JAK2	0
AML_15_00051	KIT	0
AML_15_00051	KRAS	0
AML_15_00051	MPL	0
AML_15_00051	NRAS	0
AML_15_00051	RUNX1	0
AML_15_00051	TP53	0
AML_15_00051	WT1	0
AML_15_00084	FLT3.ITD	0
AML_15_00084	NPM1	0
AML_15_00084	FLT3	0
AML_15_00123	FLT3.ITD	1
AML_15_00123	NPM1	1
AML_15_00123	CEBPA	0
AML_15_00123	FLT3	0
AML_15_00159	FLT3.ITD	0
AML_15_00159	NPM1	0
AML_15_00159	IDH1	0
AML_15_00159	IDH2	0
AML_15_00167	FLT3.ITD	0
AML_15_00167	NPM1	1
AML_15_00167	CEBPA	0
AML_15_00167	DNMT3A	0
AML_15_00167	FLT3	0
AML_15_00167	IDH1	0
AML_15_00167	IDH2	1
AML_15_00167	JAK2	0
AML_15_00167	KIT	0
AML_15_00167	KRAS	0
AML_15_00167	MPL	0
AML_15_00167	NRAS	0
AML_15_00167	TP53	0
AML_15_00167	WT1	0
AML_15_00229	FLT3.ITD	1
AML_15_00229	NPM1	0
AML_15_00229	CEBPA	0
AML_15_00229	DNMT3A	0
AML_15_00229	FLT3	0
AML_15_00229	IDH1	0
AML_15_00229	IDH2	0
AML_15_00229	JAK2	0
AML_15_00229	KIT	0
AML_15_00229	KRAS	0
AML_15_00229	NRAS	0
AML_15_00229	TP53	0
AML_15_00248	FLT3.ITD	0
AML_15_00248	NPM1	0
AML_15_00248	CEBPA	1
AML_15_00248	IDH1	0
AML_15_00248	IDH2	0
AML_15_00248	NRAS	1
AML_15_00261	FLT3.ITD	1
AML_15_00261	NPM1	0
AML_15_00261	CEBPA	0
AML_15_00261	DNMT3A	0
AML_15_00261	FLT3	0
AML_15_00261	KRAS	0
AML_15_00261	NRAS	0
AML_15_00261	RUNX1	1
AML_15_00261	TP53	0
AML_15_00269	FLT3.ITD	0
AML_15_00269	NPM1	1
AML_15_00269	CEBPA	1
AML_15_00269	IDH2	1
AML_15_00287	FLT3.ITD	0
AML_15_00287	NPM1	0
AML_15_00287	CEBPA	1
AML_15_00287	DNMT3A	0
AML_15_00287	FLT3	0
AML_15_00287	KIT	0
AML_15_00287	KRAS	0
AML_15_00287	NRAS	0
AML_15_00287	TP53	0
AML_15_00300	FLT3.ITD	0
AML_15_00300	NPM1	0
AML_15_00300	CEBPA	0
AML_15_00300	DNMT3A	1
AML_15_00300	FLT3	0
AML_15_00300	IDH1	0
AML_15_00300	IDH2	0
AML_15_00300	JAK2	0
AML_15_00300	KIT	0
AML_15_00300	TP53	0
AML_15_00320	FLT3.ITD	1
AML_15_00320	NPM1	1
AML_15_00320	DNMT3A	1
AML_15_00320	JAK2	1
AML_15_00331	FLT3.ITD	0
AML_15_00331	NPM1	0
AML_15_00331	CEBPA	0
AML_15_00331	FLT3	0
AML_15_00331	IDH1	0
AML_15_00331	IDH2	0
AML_15_00331	JAK2	0
AML_15_00331	KIT	0
AML_15_00331	NRAS	1
AML_15_00338	FLT3.ITD	0
AML_15_00338	NPM1	0
AML_15_00338	IDH1	0
AML_15_00338	IDH2	0
AML_15_00371	FLT3.ITD	0
AML_15_00371	NPM1	0
AML_15_00371	IDH1	0
AML_15_00371	IDH2	0
AML_15_00396	FLT3.ITD	0
AML_15_00396	NPM1	0
AML_15_00470	FLT3.ITD	1
AML_15_00470	NPM1	0
AML_15_00470	CEBPA	0
AML_15_00470	DNMT3A	0
AML_15_00470	FLT3	0
AML_15_00470	IDH1	0
AML_15_00470	IDH2	0
AML_15_00470	JAK2	0
AML_15_00470	KIT	0
AML_15_00470	KRAS	0
AML_15_00470	MPL	1
AML_15_00470	NRAS	0
AML_15_00470	TP53	0
AML_15_00470	WT1	1
AML_15_00471	FLT3.ITD	0
AML_15_00471	NPM1	0
AML_15_00471	CEBPA	1
AML_15_00471	WT1	1
AML_15_00491	FLT3.ITD	0
AML_15_00491	NPM1	0
AML_15_00556	FLT3.ITD	1
AML_15_00556	NPM1	0
AML_15_00556	CEBPA	1
AML_15_00556	DNMT3A	0
AML_15_00556	FLT3	0
AML_15_00556	IDH1	0
AML_15_00556	IDH2	0
AML_15_00556	JAK2	0
AML_15_00556	KIT	0
AML_15_00556	KRAS	0
AML_15_00556	NRAS	0
AML_15_00556	TP53	0
AML_15_00559	FLT3.ITD	0
AML_15_00559	NPM1	0
AML_15_00559	CEBPA	0
AML_15_00559	DNMT3A	1
AML_15_00559	FLT3	0
AML_15_00559	IDH1	1
AML_15_00559	IDH2	1
AML_15_00559	JAK2	0
AML_15_00559	KIT	0
AML_15_00559	MPL	0
AML_15_00595	FLT3.ITD	1
AML_15_00595	NPM1	0
AML_15_00595	CEBPA	0
AML_15_00595	IDH1	1
AML_15_00595	IDH2	0
AML_15_00608	FLT3.ITD	0
AML_15_00608	NPM1	0
AML_15_00608	CEBPA	0
AML_15_00608	FLT3	0
AML_15_00608	IDH1	0
AML_15_00608	IDH2	0
AML_15_00608	JAK2	0
AML_15_00608	KIT	0
AML_15_00608	MPL	0
AML_15_00608	NRAS	1
AML_15_00616	FLT3.ITD	0
AML_15_00616	NPM1	0
AML_15_00616	CEBPA	0
AML_15_00616	DNMT3A	0
AML_15_00616	FLT3	0
AML_15_00616	IDH1	0
AML_15_00616	IDH2	0
AML_15_00616	JAK2	0
AML_15_00616	KIT	0
AML_15_00616	TP53	1
AML_15_00650	FLT3.ITD	0
AML_15_00650	NPM1	0
AML_15_00650	NRAS	1
AML_15_00670	FLT3.ITD	1
AML_15_00670	NPM1	0
AML_15_00670	CEBPA	0
AML_15_00670	DNMT3A	1
AML_15_00670	FLT3	0
AML_15_00670	IDH1	1
AML_15_00670	IDH2	0
AML_15_00670	JAK2	0
AML_15_00670	KIT	0
AML_15_00670	KRAS	0
AML_15_00670	NRAS	0
AML_15_00670	TP53	0
AML_15_00674	FLT3.ITD	0
AML_15_00674	NPM1	0
AML_15_00674	CEBPA	0
AML_15_00674	FLT3	0
AML_15_00674	IDH1	0
AML_15_00674	IDH2	0
AML_15_00674	JAK2	0
AML_15_00674	KIT	0
AML_15_00674	MPL	0
AML_15_00674	RUNX1	1
AML_15_00680	FLT3.ITD	1
AML_15_00680	NPM1	1
AML_15_00701	FLT3.ITD	0
AML_15_00701	NPM1	0
AML_15_00702	FLT3.ITD	0
AML_15_00702	NPM1	0
AML_15_00702	CEBPA	0
AML_15_00702	DNMT3A	0
AML_15_00702	FLT3	0
AML_15_00702	JAK2	0
AML_15_00702	KIT	0
AML_15_00702	KRAS	0
AML_15_00702	NRAS	1
AML_15_00702	TP53	0
AML_15_00717	FLT3.ITD	0
AML_15_00717	NPM1	1
AML_15_00717	DNMT3A	1
AML_15_00717	FLT3	0
AML_15_00717	IDH1	0
AML_15_00717	IDH2	0
AML_15_00717	JAK2	0
AML_15_00717	KRAS	0
AML_15_00717	MPL	0
AML_15_00717	NRAS	1
AML_15_00717	TP53	0
AML_15_00724	FLT3.ITD	1
AML_15_00724	NPM1	1
AML_15_00724	IDH2	1
AML_15_00756	FLT3.ITD	0
AML_15_00756	NPM1	0
AML_15_00763	FLT3.ITD	0
AML_15_00763	NPM1	0
AML_15_00763	FLT3	0
AML_15_00764	FLT3.ITD	1
AML_15_00764	NPM1	0
AML_15_00766	FLT3.ITD	0
AML_15_00766	NPM1	0
AML_15_00766	CEBPA	0
AML_15_00766	DNMT3A	0
AML_15_00766	FLT3	0
AML_15_00766	IDH1	0
AML_15_00766	IDH2	0
AML_15_00766	JAK2	0
AML_15_00766	KIT	0
AML_15_00766	MPL	0
AML_15_00766	TP53	1
AML_15_00767	FLT3.ITD	0
AML_15_00767	NPM1	0
AML_15_00767	IDH1	0
AML_15_00767	IDH2	0
AML_15_00807	FLT3.ITD	0
AML_15_00807	NPM1	0
AML_15_00807	KIT	1
AML_15_00807	NRAS	1
AML_15_00813	FLT3.ITD	0
AML_15_00813	NPM1	0
AML_15_00813	DNMT3A	1
AML_15_00813	FLT3	1
AML_15_00813	NRAS	1
AML_15_00819	FLT3.ITD	0
AML_15_00819	NPM1	0
AML_15_00819	CEBPA	0
AML_15_00819	DNMT3A	0
AML_15_00819	FLT3	0
AML_15_00819	IDH1	0
AML_15_00819	IDH2	0
AML_15_00819	JAK2	0
AML_15_00819	KIT	1
AML_15_00819	KRAS	0
AML_15_00819	MPL	0
AML_15_00819	NRAS	0
AML_15_00819	RUNX1	0
AML_15_00819	TP53	0
AML_15_00821	FLT3.ITD	0
AML_15_00821	NPM1	0
AML_15_00903	FLT3.ITD	0
AML_15_00903	NPM1	0
AML_15_00903	RUNX1	1
AML_15_00912	FLT3.ITD	0
AML_15_00912	NPM1	0
AML_15_00929	FLT3.ITD	0
AML_15_00929	NPM1	0
AML_15_00965	FLT3.ITD	0
AML_15_00965	NPM1	1
AML_15_00975	FLT3.ITD	1
AML_15_00975	NPM1	0
AML_15_00975	FLT3	0
AML_16_00001	FLT3.ITD	0
AML_16_00001	NPM1	0
AML_16_00001	KIT	1
AML_16_00004	FLT3.ITD	0
AML_16_00004	NPM1	0
AML_16_00004	DNMT3A	1
AML_16_00004	IDH2	1
AML_16_00026	FLT3.ITD	0
AML_16_00026	NPM1	1
AML_16_00026	DNMT3A	1
AML_16_00026	FLT3	1
AML_16_00027	FLT3.ITD	1
AML_16_00027	NPM1	0
AML_16_00027	CEBPA	0
AML_16_00027	FLT3	0
AML_16_00027	IDH1	1
AML_16_00027	IDH2	0
AML_16_00035	FLT3.ITD	0
AML_16_00035	NPM1	1
AML_16_00035	CEBPA	0
AML_16_00035	FLT3	1
AML_16_00035	IDH1	0
AML_16_00035	IDH2	1
AML_16_00041	FLT3.ITD	1
AML_16_00041	NPM1	1
AML_16_00041	DNMT3A	1
AML_16_00041	KIT	0
AML_16_00056	FLT3.ITD	0
AML_16_00056	NPM1	1
AML_16_00056	FLT3	1
AML_16_00056	IDH2	1
AML_16_00067	FLT3.ITD	0
AML_16_00067	NPM1	0
AML_16_00067	IDH1	0
AML_16_00067	IDH2	1
AML_16_00075	FLT3.ITD	0
AML_16_00075	NPM1	0
AML_16_00075	CEBPA	0
AML_16_00075	FLT3	0
AML_16_00075	KIT	0
AML_16_00077	FLT3.ITD	0
AML_16_00077	NPM1	0
AML_16_00077	IDH2	0
AML_16_00078	FLT3.ITD	0
AML_16_00078	NPM1	1
AML_16_00078	IDH1	0
AML_16_00078	IDH2	0
AML_16_00078	NRAS	1
AML_16_00087	FLT3.ITD	1
AML_16_00087	NPM1	1
AML_16_00087	FLT3	1
AML_16_00087	IDH1	1
AML_16_00102	FLT3.ITD	0
AML_16_00102	NPM1	1
AML_16_00102	FLT3	1
AML_16_00102	IDH2	1
AML_16_00102	KIT	0
AML_16_00120	FLT3.ITD	1
AML_16_00120	NPM1	0
AML_16_00120	CEBPA	0
AML_16_00129	FLT3.ITD	0
AML_16_00129	NPM1	1
AML_16_00129	CEBPA	0
AML_16_00129	DNMT3A	0
AML_16_00129	FLT3	0
AML_16_00129	IDH1	0
AML_16_00129	IDH2	0
AML_16_00129	JAK2	0
AML_16_00129	KIT	0
AML_16_00129	KRAS	0
AML_16_00129	NRAS	0
AML_16_00129	TP53	0
AML_16_00129	WT1	1
AML_16_00132	FLT3.ITD	0
AML_16_00132	NPM1	0
AML_16_00143	FLT3.ITD	0
AML_16_00143	NPM1	0
AML_16_00143	CEBPA	0
AML_16_00143	DNMT3A	0
AML_16_00143	FLT3	0
AML_16_00143	KIT	0
AML_16_00145	FLT3.ITD	0
AML_16_00145	NPM1	0
AML_16_00145	FLT3	0
AML_16_00145	IDH1	0
AML_16_00145	IDH2	0
AML_16_00145	KRAS	1
AML_16_00217	FLT3.ITD	0
AML_16_00217	NPM1	0
AML_16_00217	CEBPA	1
AML_16_00217	DNMT3A	1
AML_16_00217	IDH2	1
AML_16_00220	FLT3.ITD	0
AML_16_00220	NPM1	1
AML_16_00226	FLT3.ITD	0
AML_16_00226	NPM1	0
AML_16_00249	FLT3.ITD	0
AML_16_00249	NPM1	0
AML_16_00278	FLT3.ITD	1
AML_16_00278	NPM1	1
AML_16_00278	CEBPA	0
AML_16_00278	DNMT3A	1
AML_16_00278	FLT3	0
AML_16_00278	IDH1	0
AML_16_00278	IDH2	0
AML_16_00278	JAK2	0
AML_16_00278	KIT	0
AML_16_00278	KRAS	0
AML_16_00278	NRAS	0
AML_16_00278	TP53	0
AML_16_00289	FLT3.ITD	1
AML_16_00289	NPM1	1
AML_16_00292	FLT3.ITD	1
AML_16_00292	NPM1	1
AML_16_00292	DNMT3A	1
AML_16_00292	IDH2	1
AML_16_00316	FLT3.ITD	0
AML_16_00316	NPM1	0
AML_16_00339	FLT3.ITD	1
AML_16_00339	NPM1	0
AML_16_00344	FLT3.ITD	0
AML_16_00344	NPM1	1
AML_16_00344	DNMT3A	1
AML_16_00354	FLT3.ITD	0
AML_16_00354	NPM1	0
AML_16_00354	KIT	1
AML_16_00354	TP53	1
AML_16_00410	FLT3.ITD	0
AML_16_00410	NPM1	0
AML_16_00465	FLT3.ITD	1
AML_16_00465	NPM1	0
AML_16_00479	FLT3.ITD	0
AML_16_00479	NPM1	0
AML_16_00494	FLT3.ITD	0
AML_16_00494	NPM1	0
AML_16_00494	DNMT3A	1
AML_16_00504	FLT3.ITD	0
AML_16_00504	NPM1	1
AML_16_00504	FLT3	1
AML_16_00504	IDH1	0
AML_16_00504	IDH2	0
AML_16_00510	FLT3.ITD	0
AML_16_00510	NPM1	0
AML_16_00510	NRAS	1
AML_16_00519	FLT3.ITD	0
AML_16_00519	NPM1	0
AML_16_00519	CEBPA	1
AML_16_00524	FLT3.ITD	0
AML_16_00524	NPM1	0
AML_16_00524	CEBPA	0
AML_16_00524	DNMT3A	0
AML_16_00524	FLT3	0
AML_16_00524	IDH1	0
AML_16_00524	IDH2	0
AML_16_00524	JAK2	0
AML_16_00524	KIT	0
AML_16_00524	KRAS	0
AML_16_00524	MPL	0
AML_16_00524	NRAS	1
AML_16_00524	RUNX1	0
AML_16_00524	TP53	0
AML_16_00524	WT1	0
AML_16_00525	FLT3.ITD	0
AML_16_00525	NPM1	0
AML_16_00540	FLT3.ITD	1
AML_16_00540	NPM1	0
AML_16_00540	WT1	1
AML_16_00541	FLT3.ITD	0
AML_16_00541	NPM1	0
AML_16_00547	FLT3.ITD	0
AML_16_00547	NPM1	0
AML_16_00564	FLT3.ITD	0
AML_16_00564	NPM1	0
AML_16_00564	FLT3	0
AML_16_00595	FLT3.ITD	0
AML_16_00595	NPM1	0
AML_16_00627	FLT3.ITD	0
AML_16_00627	NPM1	0
AML_16_00627	RUNX1	1
AML_16_00705	FLT3.ITD	0
AML_16_00705	NPM1	0
AML_16_00708	FLT3.ITD	1
AML_16_00708	NPM1	0
AML_16_00708	DNMT3A	1
AML_16_00708	FLT3	0
AML_16_00708	IDH1	0
AML_16_00708	IDH2	0
AML_16_00708	RUNX1	1
AML_16_00771	FLT3.ITD	0
AML_16_00771	NPM1	0
AML_16_00771	DNMT3A	1
AML_16_00771	FLT3	0
AML_16_00771	NRAS	1
AML_16_00771	TP53	1
AML_16_00815	FLT3.ITD	0
AML_16_00815	NPM1	1
AML_16_00815	NRAS	1
AML_16_00867	FLT3.ITD	1
AML_16_00867	NPM1	1
AML_16_00867	IDH2	1
AML_16_00950	FLT3.ITD	0
AML_16_00950	NPM1	1
AML_16_00951	FLT3.ITD	0
AML_16_00951	NPM1	0
AML_16_00981	FLT3.ITD	0
AML_16_00981	NPM1	0
AML_16_01004	FLT3.ITD	0
AML_16_01004	NPM1	0
AML_16_01004	IDH1	0
AML_16_01004	IDH2	0
AML_16_01047	FLT3.ITD	1
AML_16_01047	NPM1	1
AML_16_01047	IDH1	1
AML_16_01055	FLT3.ITD	0
AML_16_01055	NPM1	0
AML_16_01055	DNMT3A	1
AML_16_01055	FLT3	1
AML_16_01055	IDH2	1
AML_16_01055	NRAS	1
AML_16_01055	RUNX1	1
AML_16_01080	FLT3.ITD	1
AML_16_01080	NPM1	0
AML_16_01080	CEBPA	0
AML_16_01080	DNMT3A	0
AML_16_01080	IDH1	0
AML_16_01080	IDH2	0
AML_16_01080	JAK2	0
AML_16_01080	KIT	0
AML_16_01080	KRAS	0
AML_16_01080	MPL	0
AML_16_01080	NRAS	0
AML_16_01080	RUNX1	0
AML_16_01080	TP53	0
AML_16_01080	WT1	0
AML_16_01082	FLT3.ITD	0
AML_16_01082	NPM1	0
AML_16_01098	FLT3.ITD	1
AML_16_01098	NPM1	1
AML_16_01102	FLT3.ITD	0
AML_16_01102	NPM1	0
AML_16_01109	FLT3.ITD	0
AML_16_01109	NPM1	0
AML_16_01109	CEBPA	0
AML_16_01109	DNMT3A	0
AML_16_01109	FLT3	0
AML_16_01109	IDH1	0
AML_16_01109	IDH2	0
AML_16_01109	JAK2	0
AML_16_01109	KIT	0
AML_16_01109	KRAS	0
AML_16_01109	NRAS	0
AML_16_01109	TP53	0
AML_16_01121	FLT3.ITD	1
AML_16_01121	NPM1	1
AML_16_01121	DNMT3A	1
AML_16_01185	FLT3.ITD	1
AML_16_01185	NPM1	0
AML_16_01185	CEBPA	0
AML_16_01185	DNMT3A	0
AML_16_01185	IDH1	0
AML_16_01185	IDH2	0
AML_16_01185	JAK2	0
AML_16_01185	KIT	0
AML_16_01185	KRAS	0
AML_16_01185	NRAS	0
AML_16_01185	TP53	0
AML_16_01191	FLT3.ITD	0
AML_16_01191	NPM1	0
AML_16_01191	DNMT3A	1
AML_16_01191	IDH2	1
AML_16_01191	NRAS	1
AML_16_01201	FLT3.ITD	0
AML_16_01201	NPM1	0
AML_16_01201	CEBPA	0
AML_16_01201	DNMT3A	1
AML_16_01201	FLT3	0
AML_16_01201	IDH1	1
AML_16_01201	IDH2	0
AML_16_01201	JAK2	0
AML_16_01201	KRAS	0
AML_16_01201	MPL	0
AML_16_01201	NRAS	0
AML_16_01201	RUNX1	1
AML_16_01201	TP53	0
AML_16_01201	WT1	0
AML_16_01219	FLT3.ITD	0
AML_16_01219	NPM1	0
AML_16_01219	CEBPA	1
AML_16_01219	DNMT3A	0
AML_16_01219	FLT3	0
AML_16_01219	IDH1	0
AML_16_01219	IDH2	0
AML_16_01219	JAK2	0
AML_16_01219	KIT	0
AML_16_01219	MPL	0
AML_16_01219	NRAS	1
AML_16_01219	RUNX1	0
AML_16_01219	TP53	0
AML_16_01219	WT1	1
AML_16_01223	FLT3.ITD	0
AML_16_01223	NPM1	0
AML_16_01267	FLT3.ITD	0
AML_16_01267	NPM1	1
AML_16_01267	DNMT3A	1
AML_16_01267	WT1	1
AML_16_01272	FLT3.ITD	0
AML_16_01272	NPM1	0
AML_16_01272	DNMT3A	1
AML_16_01272	FLT3	0
AML_16_01272	TP53	1
AML_17_00025	FLT3.ITD	1
AML_17_00025	NPM1	1
AML_17_00025	DNMT3A	1
AML_17_00025	FLT3	1
AML_17_00072	FLT3.ITD	0
AML_17_00072	NPM1	0
AML_17_00072	CEBPA	0
AML_17_00072	DNMT3A	0
AML_17_00072	FLT3	0
AML_17_00072	IDH1	0
AML_17_00072	IDH2	0
AML_17_00072	JAK2	0
AML_17_00072	KIT	0
AML_17_00072	KRAS	0
AML_17_00072	MPL	0
AML_17_00072	NRAS	1
AML_17_00072	RUNX1	0
AML_17_00072	TP53	0
AML_17_00072	WT1	0
AML_17_00093	FLT3.ITD	1
AML_17_00093	NPM1	0
AML_17_00093	FLT3	1
AML_17_00093	IDH1	0
AML_17_00093	IDH2	0
AML_17_00094	FLT3.ITD	0
AML_17_00094	NPM1	0
AML_17_00094	DNMT3A	1
AML_17_00094	FLT3	0
AML_17_00094	JAK2	1
AML_17_00094	RUNX1	1
